Country Name,Country Code,1990 [YR1990],2000 [YR2000],2014 [YR2014],2015 [YR2015],2016 [YR2016],2017 [YR2017],2018 [YR2018],2019 [YR2019],2020 [YR2020],2021 [YR2021],2022 [YR2022],2023 [YR2023]
Afghanistan,AFG,..,3521418059.92345,20497128555.6972,19134221644.7325,18116572395.0772,18753456497.8159,18053222687.4126,18799444490.1128,19955929052.1496,14266499429.8746,14502158192.0904,..
Albania,ALB,2028553750,3480355258.04122,13228147516.1168,11386853113.0189,11861199830.8396,13019726211.7369,15156424015.1977,15401826127.2539,15162734205.2462,17930565118.8176,18916378860.5488,22977677860.7979
Algeria,DZA,62048507531.3357,54790398570.3282,238942664192.59,187493855609.345,180763839522.151,189880896903.073,194554483655.528,193459662090.677,164873415325.201,186265418570.697,225560256621.757,239899491127.742
American Samoa,ASM,..,..,643000000,673000000,671000000,612000000,639000000,647000000,721000000,750000000,871000000,..
Andorra,AND,1028989692.06787,1432606188.69324,3271685596.66321,2789881258.50362,2896610479.73077,3000162081.11976,3218419896.9641,3155149347.80639,2891001149.3611,3324683011.5903,3380602042.84283,3727673593.01922
Angola,AGO,..,9129594970.15301,135966802586.713,90496420506.5957,52761617225.9253,73690154990.7312,79450688259.3664,70897962732.0277,48501561203.5686,66505129987.7235,104399746853.401,84722957642.3757
Antigua and Barbuda,ATG,478692592.592593,900551851.851852,1378829629.62963,1437755555.55556,1489692592.59259,1531151851.85185,1661529629.62963,1725351851.85185,1410796296.2963,1601366666.66667,1867733333.33333,2033085185.18518
Argentina,ARG,141352654305.163,284203750000,526319673731.638,594749285413.212,557532320662.955,643628393281.364,524819892360.176,447754683615.225,385740508436.965,487902572164.348,631133384439.944,640591410663.883
Armenia,ARM,2256863448.77086,1911563668.85006,11609513246.7958,10553337518.414,10546136235.5219,11527458709.0158,12457940694.7395,13619290539.2116,12641698583.2152,13878908628.9378,19513474648.2429,24212134631.064
Aruba,ABW,764804469.273743,1873452513.96648,2790849720.67039,2962907262.56983,2983635195.53073,3092429050.27933,3276184357.5419,3395798882.68156,2558906303.88098,3103184101.51354,3544707788.05664,..
Australia,AUS,311420509067.628,416167815092.908,1468597690006.22,1351768945139.11,1207580901578.72,1326882104817,1429733668185.91,1394671325960.57,1330381544909.3,1559033756285.13,1692956646855.7,1723827215334.71
Austria,AUT,166463386179.354,197289625479.906,442584815286.034,381971148530.543,395837353031.499,417261151844.977,454991174096.102,444596155845.254,435049316955.737,479295362747.047,470941926750.741,516034144115.95
Azerbaijan,AZE,8884848484.84848,5272615722.96892,75239785452.1022,53076235354.746,37866996882.9157,40866627351.9817,47112470051.7701,48174235294.1176,42693000000,54825411764.7059,78807470588.2353,72356176470.5882
"Bahamas, The",BHS,3166000000,8076470000,10974100000,11671900000,11745100000,12236700000,12615800000,13016200000,9958200000,11368900000,13136400000,14338500000
Bahrain,BHR,4809511004.96032,9062898936.17021,33387712765.9574,31125851063.8298,32250132978.7234,35423643617.0213,37802005319.1489,38653318085.1064,34621807712.766,39288670212.766,44383297872.3404,43205000000
Bangladesh,BGD,31598340778.2164,53369787318.6245,172886611131.255,195146607942.291,265224514652.992,293732447017.328,321362751137.574,351231655150.827,373979442653.343,416271647002.435,460131688909.301,437415331040.994
Barbados,BRB,2012131457.26644,3059500000,4711838650,4738650450,4848210350,5000457800,5128345200,5367139250,4779756550,4945276000,5840673700,6393564189.61345
Belarus,BLR,..,12736780455.1539,78812805039.0743,56454889146.6088,47723545321.259,54725302249.8088,60031173807.7196,64410122847.3508,61371755326.2351,69673747131.87,73775179924.603,71857382745.6066
Belgium,BEL,205331747947.851,236792460312.471,535390200131.018,462335574841.484,476062757356.927,502764720556.354,543299066998.902,535865804349.803,526021513474.243,600904461226.347,583613982019.263,632216577075.109
Belize,BLZ,545686365.523175,1134756760.62071,2125125606.25723,2194709309.24204,2240593542.9757,2266664817.08822,2292787335.62452,2386792476.10637,2047727810.06777,2424575179.3783,2830507575.6841,3281500000
Benin,BEN,1959965330.14765,3519991440.47913,13284527846.9081,11388160996.7738,11821065853.3838,12701655836.9467,14262408089.9261,14390708751.025,15686741883.934,17687623530.3355,17425418044.2906,19673284686.0023
Bermuda,BMU,1592400000,3480219000,6413988000,6654541000,6899911000,7142316000,7225977000,7423465000,6887147000,7286607000,7827980000,..
Bhutan,BTN,287765007.10715,460733418.399276,2057330872.73151,2154921010.65558,2322730512.46893,2591358115.15844,2583335723.32125,2735683408.57651,2457604042.40959,2768802803.18141,2898227713.22315,..
Bolivia,BOL,4867582597.52327,8397855484.76908,32996188017.3661,33000198248.9146,33941126193.9219,37508642170.767,40287647930.5355,40895322850.9407,36629843806.0781,40406111693.1983,44008282879.8842,45849832906.4139
Bosnia and Herzegovina,BIH,7753478260.86957,5567772768.81188,18558733564.4692,16404348871.4437,17116926327.6247,18326373366.1105,20484053868.9246,20482608755.379,20226036564.4129,23672712242.2149,24534663636.1778,27054889362.8852
Botswana,BWA,3790636324.44775,5788329609.15755,15470088500.7414,13530748844.505,15082637184.0496,16105155856.7708,17031943186.1353,16725908148.5481,14960291105.9316,18750946600.1423,20321958850.0363,19395765126.3127
Brazil,BRA,384959818181.817,655448231983.527,2456043727198.85,1802212206904.68,1795693482652.52,2063514977334.32,1916933898038.36,1873288205186.45,1476107231194.11,1670647399034.67,1951923942083.32,2173665655937.27
British Virgin Islands,VGB,..,..,..,..,..,..,..,..,..,..,..,..
Brunei Darussalam,BRN,3520487626.98389,6001282104.08228,17097802752.8728,12930291487.9581,11400466356.3898,12128183904.4501,13566937673.7966,13469235364.7032,12005799653.9835,14006496617.4458,16681536466.7183,15128292953.5098
Bulgaria,BGR,20632090909.0909,13245990274.4581,57157782909.9307,50811995688.6771,53964253211.84,59309748166.1179,66370132238.3914,68881010245.5498,70368758395.141,84041493015.6618,90346169914.9349,101584384672.786
Burkina Faso,BFA,3101300778.56414,2968370087.59759,13943016076.7436,11832159315.6298,12833363045.3367,14106955615.3442,15890066221.2882,16032813501.6639,17725010530.7894,19643166853.6641,18820219331.2261,20324617838.9676
Burundi,BDI,1132101252.51817,870486065.883137,2705783329.80483,3104003546.26497,2644487776.50077,2723586962.84034,2667182199.51333,2576518879.82353,2649680261.44299,2775798697.46022,3338722827.65691,2642161668.92754
Cabo Verde,CPV,306890962.649533,539227277.626411,2041930125.42979,1749857620.35329,1849789985.99572,1996741539.95088,2205099506.99994,2252177124.32402,1821565613.68613,2051842609.64558,2303738020.15148,2587252076.3056
Cambodia,KHM,1402541176.51206,3654031716.39855,16702610842.3529,18049954289.4721,20016747857.6367,22177200588.1826,24571753583.3935,27089390032.798,25872797891.7664,26961061151.7337,29504829319.3169,31772759998.8571
Cameroon,CMR,12314482627.8454,10566579294.5159,36386544715.2702,32210233021.4049,33814337040.7817,36098547058.7851,39955552189.795,39667757527.6578,40773241177.0505,44993521774.066,43644068310.851,47945510090.0529
Canada,CAN,596075591360.987,744773415931.587,1805749878439.94,1556508816217.14,1527994741907.43,1649265644244.09,1725329192783.02,1743725183672.52,1655684730000.19,2007472181464.15,2161483369422.01,2140085567791.45
Cayman Islands,CYM,..,..,4562853582.32463,4708167255.28727,4909322200.00212,5166281293.18715,5530178498.90783,5941896599.57333,5655357984.24218,6060026509.58539,6600844001.53721,..
Central African Republic,CAF,1440711459.16967,916777282.691659,1894813389.40325,1695825714.19282,1825018144.65595,2072349972.6818,2220979146.11241,2221301351.43918,2326720900.38047,2516498412.46384,2382618615.01694,2555492085.24831
Chad,TCD,1738605557.76313,1388506771.58756,13940767218.5849,10950392256.9543,10097778098.1707,10000394381.0177,11239167898.3395,11314951091.7283,10715396042.3343,11779981332.16,12396807590.173,13149325358.7383
Channel Islands,CHI,..,6439703434.71024,..,..,9072059721.02166,9070980826.69076,9940766574.08511,9921386549.99805,9301349237.2106,11138490591.657,11228317318.7652,..
Chile,CHL,33137824762.0173,78339750721.7352,259560978231.552,242450355827.827,249344863933.461,276154259987.103,295857562991.709,278285058719.466,254042159309.311,315515014838.539,302116539409.03,335533331669.219
China,CHN,360857912565.966,1211331651866.09,10475624944355.2,11061572618578.7,11233313730348.7,12310491333980.9,13894907857880.6,14279968506271.7,14687744162801,17820459508852.2,17881783387000.9,17794781986104.5
Colombia,COL,47844090709.9908,99875074951.0278,381240864422.406,293492370193.166,282720100286.228,311866875156.879,334198218098.276,323031701192.84,270348342541.465,318524633225.395,345329875078.512,363540156234.868
Comoros,COM,429622177.724885,351136579.648632,1149587661.00693,966029600.862227,1012835493.19325,1077439756.59451,1188797449.38584,1195019531.9011,1225039196.61091,1296089479.91978,1242519407.77603,1352380972.15662
"Congo, Dem. Rep.",COD,..,19088046305.7971,35909040925.9375,37917706497.1793,37134801555.3322,38019264794.8263,47568210009.8172,51775829877.2088,48716961860.1325,55328482783.5393,65801547619.5974,66383287002.9969
"Congo, Rep.",COG,2798746050.11354,3227927697.57921,17919321082.5539,12434793867.7228,10931328149.6857,11834473047.7636,14773900277.9221,13976637328.8474,11468688140.7225,14825690210.0308,15817030156.9459,15321055818.3263
Costa Rica,CRI,5711687786.75989,15013629658.6521,52016408951.8225,56441920821.0806,58847019609.6549,60516044657.2254,62420164991.5374,64417670521.1842,62395610760.3912,64960725734.1965,69243626028.5936,86497941439.0174
Cote d'Ivoire,CIV,10795850582.779,16577533891.8785,48843005613.7091,45815005169.2651,48407761036.8238,52512343996.69,58522477786.6889,60382894697.3557,63027852805.4204,72794636653.7793,70173140101.4315,78788828906.8634
Croatia,HRV,25650213158.6167,22128414548.5444,59489433514.5849,51011170111.8487,52740059263.4245,56322449844.1579,61861145806.2687,61867157679.3215,58221300897.8838,69602166351.4771,71997070660.4835,82688842717.3926
Cuba,CUB,28645436569.1489,30565400000,80656100000,87132800000,91370407863.7,96850649691.7406,100050036096.123,103427600000,107351800000,..,..,..
Curacao,CUW,..,..,3059406983.24022,3058779217.87709,3024690167.59777,3033433240.22346,3046364804.46927,3026124134.07821,2534327597.76536,2739608133.18436,3073840325.43285,..
Cyprus,CYP,5591130217.66965,9985844486.33365,23225912184.5047,19909269064.1204,21046452116.3809,22946583374.7569,25597301190.9231,25947020102.4332,25227189744.9083,29482912835.3642,29250532020.0746,32229622669.1951
Czechia,CZE,40728950704.6176,61828166496.0941,209358834156.329,188033050459.881,196272068576.338,218628940951.675,249000540729.179,252548179964.897,245974558654.043,281791218507.1,290565654835.809,330858339871.686
Denmark,DNK,138247285815.855,164158739097.623,352993631617.708,302673070846.857,313115929314.339,332121063806.391,356841216410.068,346498737961.635,354762748338.661,405687998852.691,400167196948.707,404198757537.974
Djibouti,DJI,452328087.282876,551230861.856505,2214679081.25658,2424391785.43897,2604955228.70117,2762581334.22612,2913466732.12507,3088853638.56832,3185150981.03207,3385825228.86997,3674298479.07676,4098530513.55777
Dominica,DMA,201429629.62963,333470370.37037,520429629.62963,540737037.037037,576229629.62963,521551851.851852,554770370.37037,611537037.037037,504214814.814815,555266666.666667,607159259.259259,653992592.592593
Dominican Republic,DOM,7073675544.79021,24305780628.6677,67179955677.2791,71164826836.5281,75704647877.6559,79998046305.79,85555390139.118,88941372558.2397,78844656298.1776,94243425938.3647,113537368176.13,121444279313.931
Ecuador,ECU,15239272611.5809,17539454727.3637,102717794000,97209558000,97671433000,104467486000,107478962000,107595829000,95865472000,107435101000,116586079000,118844826000
"Egypt, Arab Rep.",EGY,42978914311.3504,99838543960.0763,305595408895.265,329366576819.407,332441717791.411,248362771739.13,262588632526.73,318678815489.749,383817841547.099,424671765455.704,476747720364.742,395926075163.006
El Salvador,SLV,4817542204,11784927700,22593470000,23438240000,24191430000,24979190000,26020850000,26881140000,24921190000,29043140000,31988920000,34015620000
Equatorial Guinea,GNQ,112119411.489965,1045998496.43872,21765453081.9826,13185496881.0174,11240808847.8878,12200913878.9827,13097012133.6159,11364133549.7478,9893816007.7398,12215878032.7166,13486788878.9757,12116922539.4112
Eritrea,ERI,..,706370815.584416,..,..,..,..,..,..,..,..,..,..
Estonia,EST,..,5686579747.53524,26634083965.0987,22890762090.1508,24072829276.7744,26924385103.0659,30624720196.229,31290453293.545,31330419851.1487,36864792511.6351,37921480881.5429,40744848827.9537
Eswatini,SWZ,1114694040.66987,1738093840.36607,4422986271.74767,4063245671.29285,3816019193.16561,4402969225.92165,4666598024.18411,4495267265.76464,3982236693.8316,4850842540.99267,4790922788.70864,4597855845.04276
Ethiopia,ETH,12478943894.9315,8242349617.8638,55612228233.5179,64589328550.5953,74296745207.8721,81770886825.6048,84269196625.8784,95912607722.3032,107657734392.446,111261882958.426,126772703047.701,163697927593.982
Faroe Islands,FRO,960805408.949872,1067109530.64798,2914012679.27277,2573905971.05459,2813278868.78208,2980057377.87967,3188600927.46688,3266432734.22819,3262045883.37293,3655063937.93145,3555929833.05051,..
Fiji,FJI,1337017559.49728,1678219507.89829,4857104768.86844,4682479893.97558,4930213644.36653,5353469174.47838,5581425327.44397,5444407198.13478,4432466219.87685,4305031649.74189,4979979531.2725,5494797540.73365
Finland,FIN,141438345513.917,126019543413.334,274862826772.156,234534382384.766,240771351298.833,255647979916.471,275708001767.843,268514916972.549,271886077382.102,296470417085.267,281887430795.721,300187202696.084
France,FRA,1269179616913.63,1365639660792.16,2855964488590.19,2439188643162.5,2472964344587.17,2595151045197.65,2790956878746.66,2728870246705.88,2647418691598.45,2959355819170.5,2779092236505.85,3030904089607.9
French Polynesia,PYF,3320159522.36573,3599845480.34359,6151996560.84289,5325846361.81186,5497036476.8031,5833352692.7995,6135116253.33452,6022276196.13871,5792545870.80614,6150640646.38319,5814661208.90544,..
Gabon,GAB,5952293764.84777,5080483628.53013,18203966895.8433,14383107762.6952,14023890265.3665,14929487485.1623,16867326389.8704,16874405460.1955,15314577167.8211,20217946921.2065,21071739227.9422,20516134388.6608
"Gambia, The",GMB,317083695.477797,782913871.80966,1229461721.40861,1378176608.93204,1484578885.97132,1504909462.69521,1670671327.81651,1813609692.49994,1812170891.19069,2014158842.65394,2175099789.97829,2339904156.79214
Georgia,GEO,7500000000,3057475335.18846,17966015109.3043,15223796148.8396,15444548901.9637,16473125375.0684,17902544880.6471,17638337116.9126,16010869215.68,18853115588.8106,24984568959.605,30535530479.0227
Germany,DEU,1771671206875.68,1947981991011.77,3889093051023.52,3357585719351.56,3469853463945.53,3690849152517.65,3974443355019.6,3889177589254.9,3887727161914.41,4278503934689.85,4082469490797.68,4456081016705.96
Ghana,GHA,5889106573.46088,4982850662.20851,54783319817.3705,49406010054.2663,56164929304.8754,60405924078.7278,67298914624.3723,68337969247.7067,70043095503.6675,79524421861.2743,74263364041.8742,76370394412.4163
Gibraltar,GIB,..,..,..,..,..,..,..,..,..,..,..,..
Greece,GRC,97891092003.4394,130457756628.436,235458133124.608,195683527003.375,193148146586.933,199844406013.531,212049447242.111,205252760889.364,188480337285.605,214667807441.202,217581324512.059,238206312632.528
Greenland,GRL,1018977280.32928,1068025016.00862,2842065708.35962,2499113022.81675,2707139544.46695,2851613679.03433,3055782146.15957,2997309971.87623,3082884653.2456,3235809504.29871,..,..
Grenada,GRD,278098762.962963,520044370.37037,911496296.296296,997007407.407407,1061640740.74074,1125685185.18519,1166514814.81481,1213485185.18519,1043411111.11111,1122800000,1224577777.77778,1320334235.58897
Guam,GUM,..,..,5610000000,5799000000,5901000000,6013000000,6051000000,6355000000,5916000000,6234000000,6910000000,..
Guatemala,GTM,7650196845.21546,19288929030.0508,57852153058.502,62186064718.7424,66053403469.0024,71653754066.2763,73328365862.4329,77172317258.6478,77715183063.2054,86053083476.0294,95003330315.8754,102050473863.636
Guinea,GIN,3888320665.5228,4367458866.71537,8778473643.31852,8794202394.29076,8595955600.36601,10324668271.1032,11857030367.2441,13442861496.4128,14177835841.3923,16091817842.1318,20999229260.4995,23612295818.0961
Guinea-Bissau,GNB,634187269.226507,391345597.467891,1135250721.02484,1152384166.79638,1245074264.10396,1469978606.12143,1554133593.91699,1486476582.06759,1520479984.56808,1724555634.36594,1714166526.44573,1966461400.35833
Guyana,GUY,396582263.291139,712667896.727512,4127660151.8087,4279840193.7046,4482697336.56174,4748174334.14044,4787636997.85343,5173760191.84652,5471256594.72422,8041362110.31175,14718388489.2086,16786302158.2734
Haiti,HTI,3096289800,6813566098.8675,15146883497.6331,14849629308.6025,14069277526.2278,15093357161.1498,16403864617.8458,15016090929.5125,14508222518.3018,20877414952.6375,20253551920.5516,19850829757.7471
Honduras,HND,4923009551.55642,7186638029.05875,19756533971.8698,20979791685.416,21717604952.1835,23136247990.5977,24067750760.499,24882225741.8119,23352232483.755,28144331506.6149,31426041806.7985,34400509852.0436
"Hong Kong SAR, China",HKG,76928784620.8158,171668891194.349,291459995978.893,309385622601.348,320860317562.562,341273289534.466,361731070995.726,363074545072.389,344943149590.058,368954169748.818,358696261481.16,382054574298.529
Hungary,HUN,34365891768.6878,47218405892.4258,141033843265.669,125174166987.372,128609822750.039,143112196040.326,160565642983.587,164020460331.659,157288955508.176,182109999477.691,177006128624.627,212388906458.724
Iceland,ISL,6468736355.55678,9025660361.75842,17867662177.8911,17517210519.0912,20793168030.9524,24728285177.4603,26260850582.0687,24681343649.2952,21629953194.0659,25797870984.2963,28701830401.6837,31020032583.1972
India,IND,320979026420.035,468395521654.458,2039126479155.27,2103588360044.39,2294796885663.67,2651474262755.59,2702929641648.14,2835606256558.84,2674851578586.86,3167270623260.52,3353470496885.95,3549918918777.53
Indonesia,IDN,106140727333.636,165021012077.81,890814755533.537,860854232686.214,931877364037.698,1015618744159.73,1042271532988.63,1119099871350.2,1059054842698.48,1186509691086.73,1319076267310.16,1371171152331.16
"Iran, Islamic Rep.",IRN,124813263926.225,109591707801.431,460382791480.428,408212917874.964,457954614593.746,486630147094.486,329691934142.938,283649531542.741,239735486745.385,359096907772.273,413394567603.552,401504514718.718
Iraq,IRQ,180408064516.128,48364250943.9051,228415656174.957,166774104959.102,166743557747.671,187217660050.676,227367469034.031,233636097800.338,180898797936.279,209691945713.103,286640340965.517,250842782139.464
Ireland,IRL,49305632408.4929,100207610429.909,259681883575.706,292364226871.756,298559265006.398,337241811320.896,386693357874.056,398933010007.356,428608687830.239,513391778882.86,533140011838.276,545629450403.735
Isle of Man,IMN,..,1563667799.61578,7708454412.32126,7084800892.22284,6846377563.00683,6979788333.50279,7491649455.92717,7314967866.28289,6684225641.02564,7931193222.06405,..,..
Israel,ISR,61661395508.9594,136035771711.672,314330061977.263,303414276832.04,322102790386.835,358245427458.541,376691526553.276,402470513619.148,413267669231.522,488526545878.891,525002447652.773,509901495702.103
Italy,ITA,1181222653522.95,1146676894209.73,2162009615996.54,1836637711060.55,1877071687633.78,1961796197354.36,2091932426266.98,2011302198827.45,1897461635591.91,2154875493744.93,2066972096553.7,2254851212731.8
Jamaica,JAM,4592208086.69235,9005064474.93003,13899217679.9219,14188936918.0036,14077096676.6213,14808985132.7722,15730792876.2656,15830766531.1474,13812421835.7369,14657586159.4316,17097760686.7775,19423355367.2372
Japan,JPN,3185904656663.85,4968359075956.59,4896994405353.29,4444930651964.18,5003677627544.24,4930837369151.42,5040880939324.86,5117993853016.51,5055587093501.59,5034620784584.98,4256410760723.75,4212945159781.4
Jordan,JOR,4160087507.83472,8460789844.8519,36847643521.1268,38587017887.3239,39892551126.7606,41608435915.493,43370860704.2254,44502816901.4085,43700383098.5916,46296100140.8451,48653381830.9859,50813642348.6746
Kazakhstan,KAZ,26932016269.6107,18291990662.0356,221415613595.469,184388404706.042,137278320084.171,166805788827.233,179339977690.485,181667184854.501,171082365861.423,197112255360.612,225496328925.494,261421121085.572
Kenya,KEN,8572359038.16958,12705350097.8044,68285796514.2896,70120446896.8359,74815144163.8931,82036510877.2599,92202979985.2863,100378436207.371,100657505750.545,109703658904.994,113419826113.903,107440575838.048
Kiribati,KIR,36688453.3631212,74790109.3848832,200114840.67884,191572320.429122,206658568.822507,223029864.54193,233859230.192198,216891541.021351,222973879.711097,289207526.306617,270520731.599041,279034355.108421
"Korea, Dem. People's Rep.",PRK,..,..,..,..,..,..,..,..,..,..,..,..
"Korea, Rep.",KOR,283365844161.092,576179387819.613,1484488526271.8,1466038936206.43,1499679823909.61,1623074183501.9,1725373496825.43,1651422932447.77,1644312831906.17,1818432106880.04,1673916511799.71,1712792854202.37
Kosovo,XKX,..,..,7074394734.88431,6295848422.71573,6682677289.98994,7180764703.35718,7878759714.82322,7899737577.47286,7717145217.81247,9413403724.01899,9354903061.8898,10438351483.1677
Kuwait,KWT,18427777777.7778,37718743480.0751,162650450784.686,114585555830.916,109406674087.947,120687539675.517,138202535962.401,138696321087.864,107512998447.021,141777271268.694,182809482400.924,161772221950.942
Kyrgyz Republic,KGZ,2675000000,1369688498.06778,7468102412.68237,6678177511.66313,6813095379.1187,7702938379.42036,8271106235.41552,9371275264.36735,8270468614.24051,9249133946.26531,12134931017.9465,13987627908.8381
Lao PDR,LAO,865559879.400406,1731198022.46763,13279245886.3854,14426380125.6488,15912501722.6143,17071155481.4994,18141641089.7963,18740561512.5555,18981805250.2424,18827148530.9347,15468785203.7532,15843155731.2552
Latvia,LVA,..,7958852838.93395,31386896487.0407,27263090547.0617,28083597512.4841,30483806017.8318,34429023435.0211,34225547537.0745,34390910338.9604,39443126174.4335,40422521943.4418,43627078481.287
Lebanon,LBN,2838485353.96187,17260364842.4544,48095213746.6003,49929337836.8159,51147308774.1294,53027680685.9038,54901519155.5556,51605959131.2741,31712128253.7961,23131941556.7843,20992421948.8081,17937256175.141
Lesotho,LSO,596410263.743849,887291687.920796,2441063054.05792,2359686724.53829,2114426453.70697,2306741674.055,2556247291.99785,2390702295.82777,2053338465.24462,2406780518.52811,2289355249.40148,2046039024.45854
Liberia,LBR,384399999.999999,874000000,3225652000,3227075700,3398419600,3390703400,3422754800,3319596500,3176126340,3513049520,4001047000,4332000000
Libya,LBY,28904183602.4818,38270954138.1128,57372355592.022,48717501321.3052,49912073701.298,67157452181.7738,76686029772.1483,72081962263.1794,65688454971.5663,47786789103.8172,55938727098.0174,50491722445.7773
Liechtenstein,LIE,1421509216.37424,2483889858.32312,6657526979.72277,6268515276.17441,6237302033.50132,6474308717.85289,6692620691.84146,6436467007.11932,6405870210.32293,7710380085.92257,7364654515.13984,..
Lithuania,LTU,..,11524776866.6379,48533659592.1728,41435533340.3883,43047309305.7363,47758736931.7801,53751411409.4447,54808531641.4117,56964942999.3651,66798933785.7702,71013953448.2085,77836396962.772
Luxembourg,LUX,12778792853.6939,21230182989.3036,68804811897.6445,60071584216.1375,62216885435.9488,65712180342.9836,71000359760.4611,69890505323.5842,73699366700.2134,85584105993.8746,81641807865.7591,85755006123.5976
"Macao SAR, China",MAC,3246481233.24397,6774193548.3871,54902831793.5018,45048190598.3249,45070808688.9611,50383871120.8733,55190661339.7796,55082293844.1008,25343525935.8358,30969334705.0515,24464719190.0616,47061843715.8565
Madagascar,MDG,3931334875.01376,4629247203.84524,12522957399.2281,11323020701.3017,11848613858.442,13176313593.5509,13760033282.2925,14104664678.5063,13051441203.9474,14554754116.5427,15302510500.0528,16031702914.9195
Malawi,MWI,2737087861.60887,2537307580.32808,8801326169.14547,9219474379.31534,7909868618.46366,8943543677.18899,9880675785.93057,11077305329.6417,12041250083.8828,12580922008.2096,13129458325.7379,14084341062.3675
Malaysia,MYS,44024585239.6137,93789736842.1053,338066095097.254,301355266964.947,301256033870.334,319109094160.343,358788845712.53,365177721021.516,337456163961.211,373832428055.449,407027451714.616,399648828546.504
Maldives,MDV,215043969.849246,624337145.284622,3697353039.20043,4129505319.12921,4409942623.85538,4816426256.52914,5404344162.69888,5726094799.37709,3712604583.36665,5254366312.27648,6170638746.31376,6600000000
Mali,MLI,2681912148.69842,2961484953.86444,14364937124.0727,13104764378.326,14026048335.7047,15365713048.1993,17070867589.9055,17280250810.0321,17465392764.3706,19309463508.0377,18780322203.7584,20904898296.2501
Malta,MLT,2547163582.33149,4069515556.78692,11625848974.8051,11091483659.6156,11668015565.8082,13484541925.7714,15404393365.2073,16004563885.7539,15249999048.0297,18123718946.6006,18357069272.7682,20956999452.4317
Marshall Islands,MHL,78476000,114838470.458984,185446395.874023,183222930.908203,200900711.05957,212935714.72168,219430038.452148,231996704.101563,240751144.40918,257784881.591797,258774475.097656,284000000
Mauritania,MRT,1506914407.82047,1779520886.47015,6592537781.81518,6166863896.68677,6398747592.13185,6800135898.28827,7473550557.07378,7894764885.82312,8260752385.23089,9222536364.01272,9744039514.55646,10452577062.7581
Mauritius,MUS,2689212760.18185,4726108622.47661,13074129952.0532,12007291045.6489,12594155464.4136,13713506130.6081,14735695930.9727,14436346979.6355,11408106446.3144,11484348766.0434,12927979286.0453,14397127281.3829
Mexico,MEX,261253675692.838,742061329643.37,1364507717614.13,1213294467716.88,1112233497452.7,1190721475906,1256300182879.73,1305211135822.61,1120832412468.85,1313069763986.6,1463323889036.56,1788886821046.81
"Micronesia, Fed. Sts.",FSM,147200000,233271800,319271200,316489900,325000000,359000000,392000000,394000000,372000000,390000000,430000000,460000000
Moldova,MDA,3571250000,1288429391.79951,9402090137.7423,7797667196.73087,7980917075.7748,9514404016.20949,11252353420.8798,11736797054.6965,11530746234.4492,13691869264.0794,14510490660.2516,16539436547.295
Monaco,MCO,2481307077.10989,2654462665.26893,7069353073.08882,6261649890.82388,6465645584.94877,6431271365.08338,7182444409.54069,7383944044.17,6739645416.47916,8626081320.50612,8784002931.68665,..
Mongolia,MNG,2560785660,1136896123.61298,12226514668.0622,11619892590.6941,11181350649.3573,11480847740.736,13178094720.4986,14206359017.5143,13312981429.0891,15286441737.6686,17146471713.748,19872180369.6275
Montenegro,MNE,..,984293043.811565,4593853290.963,4054730077.57718,4376930578.32395,4856599480.79882,5506942238.35668,5542054181.12616,4769996866.00758,5861427505.12493,6229801580.79157,7404541964.50779
Morocco,MAR,30179954774.9899,43017455401.8445,119130841411.664,110413823841.592,111572947004.917,118540573367.844,127341147581.818,128920266409.458,121353645057.144,141817797083.468,130912558829.84,141109373209.414
Mozambique,MOZ,..,5930685214.61595,17978246586.0662,16208985769.615,12069051237.1711,13264640645.7768,15017359042.4464,15512758964.5779,14235420174.1813,16168055475.085,18406835494.9468,20624597846.5495
Myanmar,MMR,2115193513.29556,8905066163.58643,65531374199.6663,59607290407.6191,63298361996.2153,66053040483.0016,67860515989.517,75065106227.6892,79006113643.1906,66345291160.1683,62253049891.6449,64815031669.0952
Namibia,NAM,2789921853.37652,3922232164.83175,12435430969.6301,11335161083.5061,10722018732.0936,12895153160.466,13682018827.0434,12541928102.7657,10583748541.5258,12402486183.6396,12567271004.6761,12351024843.7467
Nauru,NRU,55572375.4651273,26930980.3429002,99149244.4001333,84863440.5801997,97541943.0355053,109355638.866955,130995566.30391,125160115.547819,124685688.161094,175390280.69162,153824609.470517,154127798.193541
Nepal,NPL,3627560239.48997,5494252207.90502,22731612922.1906,24360801286.7638,24524109483.5293,28971588940.364,33111525237.149,34186180699.0255,33433659301.2466,36924841394.2605,41182939600.67,40908073366.8455
Netherlands,NLD,318330511920.61,417479337444.707,892167986713.722,765572770634.375,784060430240.08,833869641687.06,914043438179.607,910194347568.626,909793466661.481,1029678338329.44,1009398719033.08,1118124749886.29
New Caledonia,NCL,2529440424.16648,3420032041.07385,10635035594.7528,8738203074.3957,8724568954.89799,9174048681.98577,9896402283.68587,9475655324.59495,9454629467.91408,10071349663.8484,9623318718.31459,..
New Zealand,NZL,45495129385.0475,52623281956.7031,201337554959.49,178104220784.881,188898209220.167,206566916732.292,211846555690.736,212846907683.439,212697530897.56,253644079784.977,246733522841.353,253465703232.146
Nicaragua,NIC,1110472675.65649,5109583827.37851,11880434070.7811,12756706583.3113,13286118584.2563,13785943183.0661,13025239912.2751,12699046244.607,12681548303.6856,14144067555.6566,15649934214.9276,17829215283.7997
Niger,NER,3512356507.88599,2241753192.81158,10862943543.5419,9683867926.44282,10398861981.7583,11185104251.6943,12837307496.8821,12889555561.2299,13744653103.058,14915002436.069,15433852712.2963,16819170420.5653
Nigeria,NGA,54035795387.8086,69171451627.2465,574183763411.508,493026682800.63,404649125252.16,375745731053.427,421739251509.08,474517490844.461,432198898467.795,440838992188.478,472624596925.938,362814951696.073
North Macedonia,MKD,4699646643.10954,3772859034.20508,11362265252.778,10064519962.5655,10672467073.2873,11307067069.6658,12683068114.2388,12606338448.547,12361036913.8409,14000283827.0154,13711469681.1535,14761237042.2057
Northern Mariana Islands,MNP,..,..,832000000,910000000,1230000000,1560000000,1301000000,1181000000,858000000,..,..,..
Norway,NOR,119791843059.572,171457201935.968,501736471832.848,388159512245.53,370956547619.048,401745275035.261,439788625883.8,408742840909.091,367633418886.627,503367986030.268,593726965415.619,485513316503.63
Oman,OMN,11685045513.6541,19507452535.7607,92699089726.9181,78710793237.9714,75128738621.5865,80856697009.1027,91505851755.5267,88060858257.4772,75909397659.2978,88191977373.212,114667360208.062,108192457737.321
Pakistan,PAK,40010423970.4576,99484802344.5277,271390474857.632,299963590534.773,313630000130.435,339205534861.1,356128166704.921,320909472770.669,300425609817.981,348516647445.148,374787958882.308,338368455317.876
Palau,PLW,97702303.05,149535827.636719,245731216.430664,287215972.900391,305404174.804688,292345764.160156,288160980.224609,281828704.833984,261179138.183594,229858184.814453,242333709.716797,263020733.717011
Panama,PAN,6433967000,12304115000,49921400000,54091800000,57907700000,62202700000,67294169200,69721787500,57086836900,67406738100,76522511780.6222,83382400000
Papua New Guinea,PNG,3219729083.06487,3521339699.07407,23210823987.308,21723437010.0982,20758876952.6232,22742699138.356,24109780708.0268,24751066910.5409,23848445103.9227,26113333240.2333,31603619036.6338,30932496249.7917
Paraguay,PRY,5812114523.01189,8855705139.55857,40377929295.6419,36211447840.0971,36089700222.9461,38997129473.5558,40225448340.6322,37925338329.1494,35432178068.1814,39950899938.7482,41952910858.0846,42956263543.9482
Peru,PER,26410386962.8019,51744749133.213,200786250582.943,189802976285.619,191898104390.379,211007984080.911,222597009739.235,228346006003.648,201409694755.934,226354278280.885,246488757636.211,267603248655.253
Philippines,PHL,50508286641.5746,83669788254.7279,297483555344.802,306445871246.718,318627003012.52,328480736798.792,346841896583.515,376823402244.928,361751145451.597,394087359848.11,404353369604.631,437146372729.942
Poland,POL,65977748210.5263,172220451786.957,539080475073.719,477111287969.227,470024599375.619,524641252834.826,588779796423.695,596058473058.766,599442732365.372,681346077608.607,689763329458.441,811229100687.566
Portugal,PRT,78713860216.5659,118605192877.388,229901964221.884,199394066525.44,206426152308.931,221357874718.93,242313116577.967,239986922638.902,229031860520.777,255534839405.899,255196659934.378,287080013574.497
Puerto Rico,PRI,30603919000,61701800000,102445800000,103375500000,104336700000,103445500000,100958100000,105126400000,103130900000,106426600000,113567200000,117902300000
Qatar,QAT,7360439423.07692,17759890109.8901,206224598571.429,161739955576.923,151732181868.132,161099122225.275,183334953818.681,176371267692.308,144411363351.648,179732009560.44,235770403734.9,..
Romania,ROU,38247882300.4904,37253739511.1273,199713780259.318,177883883008.747,185287630540.431,210147163769.848,243316029944.056,251017797625.017,251362514349.697,285810244501.933,298891515898.026,351002579629.67
Russian Federation,RUS,517014446227.929,259710142196.943,2059241589895.01,1363482182197.71,1276786350881.14,1574199360089,1657328773461.31,1693115002708.32,1493075894362.14,1843392293734.38,2266029240645.34,2021421476035.42
Rwanda,RWA,2550185679.08109,2068837212.16681,8238966247.18033,8543759088.57783,8695272095.38502,9252834120.39358,9637904552.51428,10349299855.8404,10174387614.2558,11069280277.007,13316160803.5187,14097768647.6695
Samoa,WSM,125766269.755358,258856139.798489,796683519.593842,824150498.653536,843924796.697421,884844384.463214,878448433.404342,912950466.064906,868898358.266437,843923638.733018,832945205.637185,934100336.275654
San Marino,SMR,..,1005159388.24397,1673910988.24105,1419400403.82788,1468342430.7393,1528621195.4832,1655354303.86998,1616188702.33964,1541247883.99351,1855382833.1165,..,..
Sao Tome and Principe,STP,119297935.678506,76198394.8202671,293119143.246825,259999643.047388,292267272.196925,322002845.229335,383717327.830508,412976064.479214,471229484.607144,524402450.755612,542686976.457587,603240748.954207
Saudi Arabia,SAU,117630173564.753,189514933333.333,766605866666.667,669484266666.667,666000000000,714994666666.667,846583733333.333,838564800000,734271200000,874156000000,1108571466666.67,1067582933333.33
Senegal,SEN,7390967360.42121,6013185003.97525,19797253440.2679,17774766696.1759,19040312333.1864,20996562943.5979,23116701556.1381,23403995992.1354,24530513037.7518,27520784129.7508,27619479059.6131,31013986429.1861
Serbia,SRB,..,6875845986.52121,47062202418.8864,39655949731.3816,40692661657.284,44179075778.9267,50640662859.4987,51514242938.6734,53356484591.4378,63101042897.707,63563410720.7093,75187125426.7375
Seychelles,SYC,392163560.879912,654212394.27164,1387577870.08161,1432403352.12944,1568513348.14463,1675370641.01416,1784313926.76807,1868690096.73454,1382551751.56908,1487173794.80528,2057968519.83091,2141450171.13932
Sierra Leone,SLE,649644097.566129,635874002.198748,5015180725.3416,4252029353.82191,3862721266.02162,3719443418.26155,4085114387.55605,4076578698.79107,4062906265.7332,4249234704.01866,4094563859.43556,3809832236.95959
Singapore,SGP,36144336768.7023,96076539925.7409,314863580758.455,307998545269.398,319053943915.005,343257164581.712,376892697588.005,376901649222.451,349488382610.662,434111559282.849,498474540987.78,501427500080.059
Sint Maarten (Dutch part),SXM,..,..,1361811508.37989,1417888715.0838,1427017206.70391,1353212122.90503,1259200446.92737,1407880446.92737,1236428100.55866,1353071061.45251,1537088715.0838,1623165683.12849
Slovak Republic,SVK,12747380650.0762,29242558796.5507,101437045019.901,88900883130.8374,89952699524.894,95649966260.9802,106137924015.593,105711680180.565,106737868873.941,118563266602.359,115584743573.553,132793622283.071
Slovenia,SVN,19817923035.8432,20289627636.6767,49997186439.0916,43107506024.3254,44766722790.5826,48589100043.0954,54177882425.8431,54386654313.9685,53734526854.2289,61832201543.8285,60063475466.3446,68216781410.5228
Solomon Islands,SLB,214877666.699752,419842674.227652,1335571420.72676,1307909887.55212,1379490304.2254,1469789119.08756,1615478393.28614,1619155017.3924,1536145814.17007,1522794913.0914,1566360686.10632,1631286701.11516
Somalia,SOM,1031282081.16683,3412797450.20112,6537360532.64359,6984947145.09508,7390796616.52817,8252394373.29698,8278212314.40466,9420431258.24747,9204140383.17612,9838711529.45848,10419541202.0391,11679800110.1523
South Africa,ZAF,126048140141.869,151752757215.309,381198869776.106,346709790458.563,323585509674.481,381448814653.456,405260723892.517,389330032224.269,338291396026.698,420117812466.041,405270850098.738,377781600985.873
South Sudan,SSD,..,..,13962212847.4576,11997800760.2242,..,..,..,..,..,..,..,..
Spain,ESP,536558591250.408,598363313494.903,1371820537888.62,1196156971279.69,1233554967011.68,1313245330197.65,1421702715218.04,1394320055129.41,1278128867875.49,1445651653604.63,1417800466262.65,1580694712515.71
Sri Lanka,LKA,8032551173.24014,16330814179.9766,82528535713.926,85140955388.8509,88012282205.8357,94376237797.2367,94493871200.7869,89014978344.1404,84304298770.5329,88609332762.4729,74144875098.0587,84356860421.13
St. Kitts and Nevis,KNA,217259259.259259,421695769.843918,952111111.111111,957222222.222222,1006818518.51852,1056977777.77778,1076548148.14815,1107855555.55556,883922222.222222,858622222.222222,981429629.62963,1077033111.11111
St. Lucia,LCA,579629629.62963,932592592.592592,1749185185.18518,1807640740.74074,1868544444.44444,1998503703.7037,2060955555.55556,2092081549.02444,1497825994.23221,1834796401.63261,2343703788.17323,2519925938.52447
St. Martin (French part),MAF,..,..,772921958.529509,..,..,..,..,652206037.103874,..,649206262.847519,..,..
St. Vincent and the Grenadines,VCT,240366666.666667,427946037.037037,770900000,786555555.555555,814303703.703704,844040740.740741,884329629.62963,910766666.666667,869111111.111111,872225925.925926,966492592.592592,1065962962.96296
Sudan,SDN,33641222222.2222,12257299147.2936,49516748617.9775,51726758676.7677,42630376000,41283617976.1905,32333780383.2924,32338079165.2893,27034593750,34229513774.9936,51666875363.0963,109327023588.732
Suriname,SUR,388400000,947671969.69697,5240606060.60606,5126237646.22072,3317421648.09918,3591679430.99988,3996198866.57453,4016040575.08796,2911807496.20227,3081401725.88833,3620987993.32637,3782437296.04323
Sweden,SWE,261846194498.885,262835454366.855,581964017237.095,505103781349.757,515654671469.547,541018749769.097,555455371487.089,533879529188.454,547054174235.876,639714956069.468,590409594949.102,593267701033.408
Switzerland,CHE,265763573999.424,279216033870.204,726537808338,694118186379.628,687895460902.713,695200833086.499,725568717468.001,721369112726.724,741999406005.627,813408787222.499,818426550206.45,884940402230.409
Syrian Arab Republic,SYR,12308624283.9564,18937052543.4373,21502061462.2122,16466863097.2125,12597854884.462,16369843341.3865,21497782880.7488,22583045052.56,11155888304.0023,8980060818.72145,..,..
Tajikistan,TJK,2603571428.57143,860541842.263697,9112605459.32845,8271431485.07484,6992416096.89018,7536402852.85802,7764999999.45362,8300813599.3084,8133963550.65742,8937805347.13963,10713525200.3998,12060602008.8478
Tanzania,TZA,6184384225.02594,13371767081.7428,49986726460.6805,47413919817.124,49774409374.4538,53274884532.7886,57003712892.0858,61026731925.9213,66068737786.0639,70655628147.8986,75769974505.0106,79158286333.524
Thailand,THA,85343190719.0107,126392224253.794,407339040197.651,401296238228.084,413366349747.508,456356813536.764,506754208404.485,543976691793.886,500461898480.246,506256494297.34,495645210972.751,514944993833.578
Timor-Leste,TLS,128210141.761689,366924300,1447535200,1595205100,1652603700,1598208400,1566157200,2027034000,2162619200,3621958000,3204753000,2243142908.46161
Togo,TGO,2299665505.61552,2106848752.25468,6393318261.86007,5755461035.44333,6071170959.12093,6387422517.69225,7029300383.08031,6992700101.37188,7400284167.78479,8342243645.94438,8169476148.95692,9171261835.06264
Tonga,TON,113563821.577404,204848487.806485,439877614.419206,437003078.563584,420548712.433288,460374354.847247,488906838.594866,512053692.078675,484796854.918756,469228219.665791,500274898.085221,..
Trinidad and Tobago,TTO,5068000000,8154338232.95978,29699968760.7278,27026080986.578,23713671528.1421,24040299977.8745,24569079488.3913,23775754304.6652,20807571314.3043,24496505940.6673,30053575132.142,28139944790.2911
Tunisia,TUN,12290568181.8182,21473528160.7782,50271812920.612,45779494041.9295,44360072680.4476,42163530590.9462,42686580020.8322,41905540184.424,42491816475.7118,46812290143.344,44579761022.8993,48529595416.6533
Turkiye,TUR,150655500191.644,274294623164.043,938934609296.966,864313810469.009,869682881593.041,858988492853.742,778972199727.859,761005946788.221,720338498174.744,819865253669.661,907118435952.688,1108022373259.51
Turkmenistan,TKM,3000000000,2904663310.9825,43524210526.3158,35799714285.7143,36169428571.4286,37926285714.2857,40765428571.4286,45232857142.8571,45818000000,50007428571.4286,56542857142.8571,59887334844.0651
Turks and Caicos Islands,TCA,..,..,841070000,942070000,1032452000,1028941663.2,1128749004.5304,1177285211.72521,774653669.315186,1045782453.5755,1228794382.95121,1402054390.94734
Tuvalu,TUV,9542900.90136505,15073975.5349377,38760982.6540096,36811936.0824587,41629064.2232388,45276595.3533146,48015259.8751356,54123198.5662913,51746594.3148543,60196405.7138393,59065982.0873657,62280311.5852172
Uganda,UGA,4304399310.30967,6193246837.09687,32612397257.4458,32387183730.1002,29203988696.2626,30744473841.424,32927025619.6795,35348155095.4215,37600368239.8824,40529788744.0595,45565333216.4142,49272882213.623
Ukraine,UKR,79523809523.8095,32375083934.8241,133503871861.723,91030967789.0717,93355869403.9223,112090505081.739,130891088293.55,153883047509.577,156617722013.342,199765859570.935,161989520721.19,178757021386.809
United Arab Emirates,ARE,50701443748.2975,104337372362.151,414105366752.893,370275469571.137,369255326235.534,390516804029.952,427049432157.931,417989721742.682,349473015330.157,415178792756.978,507063968277.74,504173451327.434
United Kingdom,GBR,1093169389204.55,1665534876683.31,3064708247921.43,2927911140916.73,2689106566899.61,2680148052335.3,2871340347581.79,2851407164907.81,2697806592293.86,3141506156618.7,3088839763445.02,3340032380668.04
United States,USA,5963144000000,10250952000000,17608138000000,18295019000000,18804913000000,19612102000000,20656516000000,21521395000000,21322950000000,23594031000000,25744108000000,27360935000000
Uruguay,URY,9298807850.29979,22823270892.1094,61496186973.902,57680327998.6689,57480788380.312,65006047680.3225,65344408987.1965,62222387928.9932,53668636567.8667,60760798595.5436,70164683290.3776,77240831587.167
Uzbekistan,UZB,13362340337.8657,13760513969.314,80845385809.4529,86196264755.3105,86138288644.171,62081322740.0162,52870108214.6742,60283503705.3907,60224701296.7885,69600614987.3509,81140823252.4164,90889149306.7313
Vanuatu,VUT,168879207.244148,272014627.835262,772315983.81843,730870802.967051,780889605.899977,880061833.690341,914736985.430944,936526267.622513,909421043.508407,950394006.532514,1022219297.50335,1126313359.21923
"Venezuela, RB",VEN,48606952194.7752,117146466002.661,482359318767.703,..,..,..,..,..,..,..,..,..
Viet Nam,VNM,6471740805.56984,31172518403.3162,233451469642.519,239258328381.741,257096001177.982,281353605986.903,310106478394.659,334365270496.667,346615738537.796,366474752771.009,410324028883.325,429716969049.593
Virgin Islands (U.S.),VIR,..,..,3565000000,3663000000,3798000000,3794000000,3923000000,4121000000,4189000000,4444000000,..,..
West Bank and Gaza,PSE,..,4313600000,13989700000,13972400000,15405400000,16128000000,16276600000,17133500000,15531700000,18109000000,19165500000,17396300000
"Yemen, Rep.",YEM,12643821568.9626,9679316770.18633,43228585321.3272,42444490073.8555,31317825274.1507,26842229044.5848,21606160663.0318,..,..,..,..,..
Zambia,ZMB,3285217391.30435,3600632111.41414,27141023558.0829,21251216798.7762,20958412538.3093,25873601260.8353,26311507273.6735,23308667781.2258,18137764931.2808,22096416932.0089,29163782140.4858,28162630953.9285
Zimbabwe,ZWE,8783816700,6689957600,19495519600,19963120600,20548678100,17584890936.6523,34156069918.0609,21832234925.5021,21509698406.1116,28371238665.5116,27366627153.0954,26538273498.8461
